id,category
0,0.9462334199098833
1,0.9966494698470366
2,0.8992589794381391
3,0.9731669611945869
4,0.9007222053338904
5,0.9736353210008099
6,0.817498914400527
7,0.9288362852627359
8,0.9939294908076267
9,0.9923940574231379
